Country_Code,Country_Name,Region,Income_Group,GDP_per_capita,Life_Expectancy,Child_Mortality,Access_Electricity,Health_Expenditure_Pct,Inflation_Rate,Trade_Pct_GDP,Internet_Usage_Pct,Log_GDP_per_capita,Income_Group_Code,Cluster
CYP,Cyprus,Europe & Central Asia,High income,29227.16796875,81.454,3.0,100.0,6.99843168,0.2503709967584932,150.50616312950956,86.0636299618935,4.46580159448855,3,2
ECU,Ecuador,Latin America & Caribbean,Upper middle income,6205.057652467664,77.286,13.8,99.1,7.80878448,0.2660125154661552,48.082849493330734,59.2,3.7928158057361063,2,0
BRA,Brazil,Latin America & Caribbean,Upper middle income,9029.833266810732,75.809,15.0,99.8,9.61449146,3.732976212168936,28.89025786989636,73.9124399133589,3.955727824121039,2,0
FRA,France,Europe & Central Asia,High income,40408.28485747505,82.8268292682927,4.2,100.0,11.17058277,1.108254922882936,66.42896072817493,83.3397440866883,4.606481164592596,3,2
BGD,Bangladesh,South Asia,Lower middle income,2129.7989695460574,72.625,32.3,92.2,2.12712646,5.591996399306291,31.578054491240422,30.38310051,3.3285424780881208,1,0
CHL,Chile,Latin America & Caribbean,High income,14496.934564036184,80.324,7.0,100.0,9.30968475,2.557544757033266,57.60691578565367,85.01760101,4.16130613524639,3,2
MAF,St. Martin (French part),Latin America & Caribbean,High income,19033.06496348889,80.078,15.0,100.0,6.88792992,2.25212191358027,67.10304836644916,66.48885468623226,4.2795315472301745,3,0
LTU,Lithuania,Europe & Central Asia,High income,19608.794394555272,76.28292682926829,3.9,100.0,6.94472647,2.334509379880265,148.37499601181847,81.5818683764046,4.292473040185978,3,2
MNP,Northern Mariana Islands,East Asia & Pacific,High income,24496.6652122421,77.844,20.0,100.0,4.99218798,1.7143709576340114,104.74978795589482,63.6493903087575,4.389124695231558,3,0
NOR,Norway,Europe & Central Asia,High income,79329.30751900119,82.95853658536586,2.4,100.0,10.43807507,2.167730033054107,68.88024310573198,98.0000043853142,4.899439137804978,3,2
PAK,Pakistan,Middle East & North Africa,Lower middle income,1390.416909817447,66.729,65.8,93.9,2.84736943,10.57803056720248,28.905576986703235,17.070901719916,3.1434572770119877,1,1
MKD,North Macedonia,Europe & Central Asia,Upper middle income,6718.858266354576,76.60243902439025,7.1,100.0,7.06654119,0.7664395734598047,138.5762318405389,81.4128827618364,3.8273601131149495,2,2
UKR,Ukraine,Europe & Central Asia,Upper middle income,3619.86157226563,73.92,8.5,100.0,7.09389353,7.886717456111332,90.51123429107628,70.1248442995263,3.5588119217928895,2,0
GNB,Guinea-Bissau,Sub-Saharan Africa,Low income,811.2100040500414,62.161,79.5,30.9,7.14602089,0.2466002681478295,49.943905496502005,17.92149925,2.9096683344238685,0,1
SGP,Singapore,East Asia & Pacific,High income,66068.70031063778,83.59512195121953,2.5,100.0,4.40746737,0.5678299884054472,324.2700885766248,88.9492526850762,4.82000233687141,3,2
DNK,Denmark,Europe & Central Asia,High income,59404.266324772296,81.45121951219514,3.8,100.0,10.18468761,0.7581315725116201,111.89147506565256,98.0464347521549,4.773824947243943,3,2
GMB,"Gambia, The",Sub-Saharan Africa,Low income,738.1867519874828,64.427,50.4,62.1,3.14534926,7.115676256311922,55.99791161869933,31.11829948,2.8687541746754017,0,1
PRI,Puerto Rico (US),Latin America & Caribbean,High income,31830.528499335844,81.438,15.0,100.0,6.88792992,2.25212191358027,107.57145683672226,77.7364393708352,4.502857493251513,3,2
BDI,Burundi,Sub-Saharan Africa,Low income,234.31061590724977,62.18,56.2,9.8,9.05940628,-0.6867721707973587,60.408692875322615,6.072199821,2.3716415205714267,0,1
LIE,Liechtenstein,Europe & Central Asia,High income,166907.83930501563,84.16097560975611,4.05,100.0,5.78483772,1.763735865288415,96.18156500978648,93.14610291,5.222479337037182,3,2
CHE,Switzerland,Europe & Central Asia,High income,85872.97023034544,83.90487804878049,4.0,100.0,11.42588997,0.3628861799406741,123.02250983286407,93.1460869535177,4.933861542196165,3,2
MMR,Myanmar,East Asia & Pacific,Lower middle income,1425.9895421190286,66.457,43.6,68.3,3.814466,8.825066968045581,101.55318493454511,36.54050064,3.1544207903419483,1,1
GEO,Georgia,Europe & Central Asia,Upper middle income,4741.283271587601,74.165,9.6,100.0,7.31291389,4.852898216967227,117.81008023971364,68.8467135616978,3.675987492200798,2,0
BWA,Botswana,Sub-Saharan Africa,Upper middle income,7172.089564800282,67.167,40.0,70.1,6.12193203,2.772864428633207,83.09298136011748,48.82279968,3.855706253567306,2,0
NRU,Naoero,East Asia & Pacific,High income,10801.770565963465,61.393,12.0,100.0,11.56155682,1.7143709576340114,155.90668571428571,74.73789978,4.033535152449909,3,2
CHI,Channel Islands,Europe & Central Asia,High income,60564.62939936814,81.2,4.05,100.0,7.10601497,1.763735865288415,96.18156500978648,82.2598911708476,4.782226234778991,3,2
ITA,Italy,Europe & Central Asia,High income,33812.788724867976,83.49756097560977,3.1,100.0,8.61536789,0.611246943765304,58.69419025947376,67.8507102874836,4.5290938347739935,3,2
CPV,Cabo Verde,Sub-Saharan Africa,Upper middle income,4380.781173311284,75.449,14.1,91.4,4.82431316,1.106666742960629,103.60265646372568,61.9433977593088,3.641650685046595,2,0
NGA,Nigeria,Sub-Saharan Africa,Lower middle income,3189.812864961828,53.009,117.4,55.4,2.98547053,11.39642233781149,60.408692875322615,29.74410057,3.5039013344042225,1,1
TGO,Togo,Sub-Saharan Africa,Lower middle income,917.7180167776186,61.061,66.0,52.5,5.91268635,0.674652770077525,56.3398500747576,20.72730064,2.963182233312639,1,1
BEN,Benin,Sub-Saharan Africa,Lower middle income,1130.8213533979497,59.888,87.0,40.0,3.00206876,0.7328493712410664,63.68133231422999,20.50099945,3.053777883251384,1,1
BRB,Barbados,Latin America & Caribbean,High income,21929.435611489047,76.495,11.4,100.0,5.67476797,1.676624732769876,67.10304836644916,70.30709839,4.341047258297999,3,0
CRI,Costa Rica,Latin America & Caribbean,High income,12951.858842184089,80.296,9.1,99.7,7.2212491,2.09604635327807,65.41947324867749,81.2025964435269,4.11236563269216,3,2
NPL,Nepal,South Asia,Lower middle income,1203.142947064013,69.299,31.0,89.9,4.44524717,5.566160352437225,49.24952658690116,33.33660126,3.0806780462540737,1,0
HND,Honduras,Latin America & Caribbean,Lower middle income,2502.327443280727,72.124,17.7,91.1,7.34316635,4.365871598192737,99.45953524524168,39.3883521850111,3.398517660438825,1,0
PRK,"Korea, Democratic People’s Republic of",East Asia & Pacific,Low income,6723.885011876779,72.928,17.7,48.4,4.99218798,1.7143709576340114,101.55318493454511,63.6493903087575,3.827684862780863,0,0
GIB,Gibraltar,Europe & Central Asia,High income,23343.36289700344,83.183,4.05,100.0,7.10601497,1.763735865288415,96.18156500978648,82.2598911708476,4.368182025874817,3,2
ASM,American Samoa,East Asia & Pacific,High income,12886.135951721802,72.751,20.0,99.55,4.99218798,1.7143709576340114,156.56877897990725,63.6493903087575,4.110156410094367,3,0
CAN,Canada,North America,High income,46352.969520892686,82.15853658536587,5.2,100.0,11.04823494,1.949269024115927,66.17134227306049,91.91290283,4.666086930868921,3,2
OMN,Oman,Middle East & North Africa,High income,19180.186415280143,79.946,10.8,100.0,3.80648994,0.4908153628206712,86.47820103132365,90.25939941,4.282875466112751,3,2
VNM,Viet Nam,East Asia & Pacific,Upper middle income,3440.9002537543365,74.211,20.0,99.4,4.97407484,2.795823674522436,164.70421503140798,68.6615802057338,3.5367982803228104,2,0
CYM,Cayman Islands,Latin America & Caribbean,High income,88254.29036770435,79.052,15.0,100.0,6.88792992,2.25212191358027,114.83853969517126,66.48885468623226,4.945740748152064,3,2
BLR,Belarus,Europe & Central Asia,Upper middle income,6837.773396456351,74.2268292682927,3.1,100.0,5.86133814,5.598155950398481,130.8504061021835,82.7891520910901,3.8349782135737924,2,0
SMR,San Marino,Europe & Central Asia,High income,46626.99985715676,85.257,1.5,100.0,8.14801598,0.4726519673528523,307.2647705468583,67.85070038,4.668646786468211,3,2
PAN,Panama,Latin America & Caribbean,High income,16477.90662856873,78.514,15.9,93.9,8.13541794,-0.3550838210212455,80.42865056495685,63.6284147731451,4.216928392984164,3,0
CIV,Côte d'Ivoire,Sub-Saharan Africa,Lower middle income,2141.7683617011467,60.274,75.3,68.6,3.18916845,0.7908555120536607,44.66041058307946,36.2889545655205,3.3309752253244698,1,1
AGO,Angola,Sub-Saharan Africa,Lower middle income,2507.8680721364217,63.051,55.3,45.6,2.20394278,17.08095414343803,60.37130687396027,32.12939835,3.3994778247065724,1,1
GRC,Greece,Europe & Central Asia,High income,19335.360200296866,81.63902439024392,4.1,100.0,8.11709499,0.2530075220381571,80.59009495104566,75.6712066931757,4.286374727570481,3,2
JPN,Japan,East Asia & Pacific,High income,41424.86556015434,84.35634146341464,2.5,100.0,10.96998405,0.4687761593839499,34.35829727999888,92.7303978145525,4.6172715914202005,3,2
PRT,Portugal,Europe & Central Asia,High income,23343.36289700344,81.67560975609757,3.5,100.0,9.50868607,0.3381784100461243,86.77098890835859,75.3463779408712,4.368182025874817,3,2
BIH,Bosnia and Herzegovina,Europe & Central Asia,Upper middle income,6122.375413523533,77.394,6.7,100.0,8.92544365,0.56278215406123,94.516125154246,69.9463476317266,3.786990886093213,2,2
ZAF,South Africa,Sub-Saharan Africa,Upper middle income,6533.711210328561,66.071,34.3,85.0,8.24652863,4.102850754611558,53.8979964081406,69.69689941,3.815226399486258,2,0
SOM,"Somalia, Fed. Rep.",Sub-Saharan Africa,Low income,539.9548162116943,57.249,118.4,49.2,2.40617251,2.867588034468999,70.29805914972273,2.731400013,2.7331609917434863,0,1
TCD,Chad,Sub-Saharan Africa,Low income,893.3364416433249,52.993,114.0,8.4,3.38471627,-0.971939175419401,46.67772471527682,7.618199825,2.951500927366587,0,1
IRL,Ireland,Europe & Central Asia,High income,81827.6688873996,82.70243902439026,3.4,100.0,6.61860561,0.937842961189274,257.6527729104208,87.0000552425146,4.9129054865352675,3,2
JAM,Jamaica,Latin America & Caribbean,Upper middle income,6030.688964159207,71.532,18.8,98.9,6.96945572,3.905100008658723,67.10304836644916,70.8410169743356,3.780438938194587,2,0
EGY,"Egypt, Arab Republic of",Middle East & North Africa,Lower middle income,2962.9889202300265,71.213,24.8,100.0,4.5994668,9.152799593248035,41.12401715511079,57.2828663990195,3.471876575861962,1,0
MEX,Mexico,Latin America & Caribbean,Upper middle income,10369.555359352678,74.53,15.0,99.6,5.3013463,3.635961421270462,77.4619722509459,69.6321092705209,4.01580201415608,2,0
FIN,Finland,Europe & Central Asia,High income,48358.180777370086,81.9829268292683,2.4,100.0,9.22295189,1.024093929634307,80.56415029473666,89.6073851129779,4.68447893513991,3,2
PER,Peru,Latin America & Caribbean,Upper middle income,7037.008036926039,76.275,14.9,95.6,5.12525272,2.25212191358027,46.94350537544095,59.9505036049006,3.847449758434188,2,0
SLE,Sierra Leone,Sub-Saharan Africa,Low income,843.7125173041702,59.593,108.3,22.7,5.7052846,14.80499909060209,37.56195299672608,15.71370029,2.9267089297880093,0,1
LVA,Latvia,Europe & Central Asia,High income,17294.975160096918,75.3878048780488,3.9,100.0,6.86276913,2.81140920075624,125.29163170793008,86.13545644343,4.237945052890423,3,2
VUT,Vanuatu,East Asia & Pacific,Lower middle income,3635.623448781848,70.783,18.1,64.5,3.49615431,2.76252019386111,85.29237893492291,63.6493903087575,3.5606983347136594,1,0
TCA,Turks and Caicos Islands,Latin America & Caribbean,High income,31780.521706898948,77.691,5.5,100.0,6.88792992,2.25212191358027,67.10304836644916,66.48885468623226,4.50217468749338,3,2
AFG,Afghanistan,Middle East & North Africa,Low income,496.6025042584997,62.941,62.7,97.7,14.83131981,2.302372515168337,46.70989455141026,17.60000038,2.696882557339738,0,1
LBY,Libya,Middle East & North Africa,Upper middle income,9963.194890844828,72.941,11.6,68.5,5.54773426,-2.162178834705906,78.99396918501384,71.40409851,3.99844221336374,2,0
TLS,Timor-Leste,East Asia & Pacific,Lower middle income,1562.3645888181284,66.496,54.8,90.6,4.99218798,0.9588127397031412,70.61424405515356,28.00460052,3.194060270691936,1,1
KWT,Kuwait,Middle East & North Africa,High income,31707.87374435514,81.96975609756099,8.9,100.0,5.18200397,1.09184802655856,91.68571238959534,99.5426764518489,4.501180816757514,3,2
COL,Colombia,Latin America & Caribbean,Upper middle income,6472.545449247049,76.793,13.5,99.4,7.83404827,3.523019327414469,37.558533980838966,65.0069007159493,3.811142201428265,2,0
ETH,Ethiopia,Sub-Saharan Africa,Low income,793.4732472189955,65.741,53.6,48.0,3.24287128,15.80963217193442,28.815293929260825,15.98460007,2.9000792775273085,0,1
NER,Niger,Sub-Saharan Africa,Low income,541.2658198702726,60.031,120.8,18.5,5.66642094,-2.489792650708549,39.28930367329605,11.28549957,2.7342122308238874,0,1
GUM,Guam,East Asia & Pacific,High income,39274.943142489865,76.645,20.0,100.0,4.99218798,1.7143709576340114,78.06451612903226,63.6493903087575,4.594126622653094,3,0
MYS,Malaysia,East Asia & Pacific,Upper middle income,10920.191763972032,75.9,8.2,100.0,3.83991051,0.6628918657643263,123.02856202794288,84.1871450078281,4.038270032899465,2,0
IMN,Isle of Man,Europe & Central Asia,High income,87127.55179774042,80.74,4.05,100.0,7.10601497,1.763735865288415,96.18156500978648,82.2598911708476,4.940160495493079,3,2
BGR,Bulgaria,Europe & Central Asia,High income,10354.2500414088,75.11219512195122,6.7,99.2,7.11813641,3.103729447967714,125.26041507508644,67.9469809417603,4.0151605899791605,3,0
MAC,"Macao SAR, China",East Asia & Pacific,High income,81882.69645238694,83.92926829268293,20.0,100.0,4.99218798,2.751930810519751,115.23129893554976,86.4679257062588,4.913197439665099,3,2
MWI,Malawi,Sub-Saharan Africa,Low income,580.8891397624755,64.995,51.3,11.2,6.37021732,9.370836056056698,44.19545246357976,11.05860043,2.764840251702359,0,1
URY,Uruguay,Latin America & Caribbean,High income,18315.73503774368,77.503,7.5,99.9,9.240695,7.881988708796191,49.74486607246646,83.3515337667548,4.26284806313863,3,2
SVK,Slovak Republic,Europe & Central Asia,High income,19406.0589683582,77.66585365853659,5.9,100.0,6.91102982,2.664561334254404,183.72260863123552,82.8536605021784,4.287959725466152,3,2
SLB,Solomon Islands,East Asia & Pacific,Lower middle income,2223.658909424658,69.981,23.1,69.4,4.43728065,1.63485544012247,82.99856590205522,22.48880005,3.3472634332449283,1,0
FSM,"Micronesia, Federated States of",East Asia & Pacific,Upper middle income,3581.726845722784,66.196,26.4,80.1,11.87363148,1.923851707879231,106.58227848101264,37.97370148,3.554213697946334,2,0
POL,Poland,Europe & Central Asia,High income,15874.522053125382,77.90487804878049,4.5,100.0,6.38906956,2.227478809382914,101.58103381737295,80.4359068768673,4.200728015605824,3,2
UGA,Uganda,Sub-Saharan Africa,Low income,822.1711500363574,66.354,51.6,41.3,3.79341364,2.867588034468999,39.36105396474346,11.72579956,2.9154901411523704,0,1
BLZ,Belize,Latin America & Caribbean,Upper middle income,6171.614497614228,72.577,13.5,92.7,4.81608105,0.1870693851814241,102.4418569076774,58.76520157,3.790469154532825,2,0
GRD,Grenada,Latin America & Caribbean,Upper middle income,10462.792915953349,74.971,18.5,93.0,4.93189621,0.5981497647360223,67.10304836644916,64.31279755,4.019689136145647,2,0
GIN,Guinea,Sub-Saharan Africa,Lower middle income,1031.341464807319,59.379,105.4,42.2,4.08876228,9.470010392530124,78.41531322859738,23.89049911,3.0138233714705502,1,1
LAO,Lao PDR,East Asia & Pacific,Lower middle income,2589.320810352372,67.911,36.5,98.4,2.60312223,3.322558812569254,101.55318493454511,47.03229904,3.413353554636336,1,0
SSD,South Sudan,Sub-Saharan Africa,Low income,1106.439210586554,58.129,96.7,6.8,9.06570053,87.2413641500032,60.408692875322615,6.671000004,3.044319896311458,0,1
GHA,Ghana,Sub-Saharan Africa,Lower middle income,2186.6582268261286,64.455,44.1,83.5,3.25450468,7.143640033308569,76.82480273215198,22.0732,3.3399794740611473,1,1
PHL,Philippines,East Asia & Pacific,Upper middle income,3400.789497670743,69.68,28.0,95.3,4.16646004,2.392065344224044,68.84184225956784,43.0266118680279,3.5317074360171454,2,0
HUN,Hungary,Europe & Central Asia,High income,17012.859855319868,76.31951219512194,4.1,100.0,6.24677849,3.338586353820081,159.92555646483092,80.3716936050482,4.2308028511612585,3,2
KIR,Kiribati,East Asia & Pacific,Lower middle income,1750.24040333237,65.866,59.1,89.3,10.16600227,-1.813079953029471,98.35658191319546,41.79299927,3.2433457683987754,1,0
KGZ,Kyrgyz Republic,Europe & Central Asia,Lower middle income,1421.9992750410186,71.60000000000001,18.3,99.9,4.25461817,1.133622577188036,94.43028235429392,64.1,3.153204678829354,1,0
MLT,Malta,Middle East & North Africa,High income,32421.90874711857,82.65853658536585,6.1,100.0,8.89282227,1.642060017689402,233.070440941958,85.7785963798031,4.510851973996649,3,2
IND,India,South Asia,Lower middle income,2041.4286369858528,70.746,34.9,95.9,2.95299792,3.729505735391232,39.90540353064419,29.52350044,3.3101468911017875,1,0
HKG,"Hong Kong SAR, China",East Asia & Pacific,High income,48359.00119505975,85.1558536585366,20.0,100.0,4.99218798,2.883208537739963,353.74352113973106,91.7434003891587,4.684486302920907,3,2
VCT,St. Vincent and the Grenadines,Latin America & Caribbean,Upper middle income,8740.594252320614,70.994,14.3,100.0,4.26063251,0.9130697253245904,67.10304836644916,59.57630157,3.9415906445160576,2,0
COG,"Congo, Republic of",Sub-Saharan Africa,Lower middle income,2488.424667249158,63.152,52.2,47.7,2.34771276,2.206073057815252,91.57575479303743,16.11639977,3.3960989885777315,1,1
PSE,West Bank and Gaza,Middle East & North Africa,Lower middle income,3656.858271370109,75.811,15.7,100.0,9.18576908,1.580183336394551,68.9934922812035,70.6225837001758,3.563226874143588,1,0
UZB,Uzbekistan,Europe & Central Asia,Lower middle income,2128.660671383342,72.093,15.7,100.0,4.83520985,14.52573595606866,62.30037823028783,70.3999986481458,3.328310410816392,1,0
SYR,Syrian Arab Republic,Middle East & North Africa,Low income,1109.539338214638,70.97,24.6,89.2,3.96978569,13.41756532285707,41.99946817659758,33.77000046,3.045533947006019,0,0
HTI,Haiti,Latin America & Caribbean,Lower middle income,1352.1720419153248,64.328,61.5,45.4,3.91107917,18.70378256725062,44.56871877582935,35.76409912,3.1313530161870835,1,1
KEN,Kenya,Sub-Saharan Africa,Lower middle income,1960.408088548926,62.939,42.7,69.7,4.36874676,5.239637957647923,31.759461841481023,22.6687733618171,3.292567961932159,1,1
TON,Tonga,East Asia & Pacific,Upper middle income,4788.833504685837,72.292,10.9,98.4,5.74527884,1.179543348218005,88.04538553304603,51.56299973,3.6803204175371294,2,0
TUR,Türkiye,Europe & Central Asia,Upper middle income,9395.233780013676,77.737,11.3,100.0,4.35954332,15.17682157200223,62.57845893262392,73.9767022871511,3.97295381356607,2,0
CUW,Curaçao,Latin America & Caribbean,High income,19220.686695830263,76.492,15.0,100.0,6.88792992,2.622207834250587,155.2688587716874,66.48885468623226,4.283791494183281,3,2
ERI,Eritrea,Sub-Saharan Africa,Low income,1106.439210586554,67.306,40.5,50.3,4.64806461,2.867588034468999,60.408692875322615,11.22379971,3.044319896311458,0,1
DMA,Dominica,Latin America & Caribbean,Upper middle income,9491.149959623735,71.305,33.0,99.9,5.16903925,1.504623538581412,67.10304836644916,73.38200378,3.9773645907044513,2,0
PNG,Papua New Guinea,East Asia & Pacific,Lower middle income,2575.772741403927,65.331,46.1,23.6,2.3253386,3.928672909395973,101.55318493454511,13.62419987,3.411076117617101,1,1
IRN,"Iran, Islamic Republic of",Middle East & North Africa,Upper middle income,3997.493544958496,76.855,13.4,100.0,6.23426771,39.90734556977835,48.59177121370379,72.4509047672065,3.601896399242573,2,0
NLD,Netherlands,Europe & Central Asia,High income,53554.90074914751,82.11219512195122,4.0,100.0,9.93616295,2.63369910249591,160.67667188499902,93.2885906040269,4.728807328045793,3,2
TTO,Trinidad and Tobago,Latin America & Caribbean,High income,17212.61288921629,72.836,21.2,100.0,6.90704823,1.000542930272373,67.10304836644916,74.98670197,4.235872032046185,3,0
SYC,Seychelles,Sub-Saharan Africa,High income,19141.5118743615,74.04634146341465,14.8,100.0,4.25269794,1.807094008099823,173.40784688019585,76.63420105,4.2819989251648565,3,2
CAF,Central African Republic,Sub-Saharan Africa,Low income,449.2284676024388,31.53,254.7,14.3,7.76081514,2.685373552667865,50.06580000148676,7.509200096,2.653432951641361,0,1
CUB,Cuba,Latin America & Caribbean,Upper middle income,9232.261159351829,77.413,6.9,99.8,11.08501148,2.25212191358027,22.8208911354416,67.9708086565152,3.965355119591962,2,0
AUT,Austria,Europe & Central Asia,High income,49885.99473552041,81.89512195121951,3.5,100.0,10.62530422,1.530895641526437,108.20728490442558,87.7522047870069,4.697987342201519,3,2
COM,Comoros,Sub-Saharan Africa,Lower middle income,1519.2638643606815,65.662,44.8,83.3,5.18044472,3.582135444692111,42.26807853501838,16.38380051,3.181918972741103,1,1
MRT,Mauritania,Sub-Saharan Africa,Lower middle income,1767.0727106209977,67.64,43.4,44.9,3.09176588,2.300092621179372,93.48669413513171,25.0977993,3.2475001210685472,1,1
LUX,Luxembourg,Europe & Central Asia,High income,112696.649059674,82.63902439024392,2.4,100.0,5.46640301,1.743320756538483,382.66078058442014,97.120635693272,5.051914856498102,3,2
NAM,Namibia,Sub-Saharan Africa,Lower middle income,4731.921031883102,63.546,46.6,53.3,8.85805798,3.722394144226946,82.90115074263547,49.77590179,3.6751292583865403,1,1
TUN,Tunisia,Middle East & North Africa,Lower middle income,3528.87213306798,75.599,16.9,100.0,6.02461243,6.72007532863799,102.33261472578928,66.6999983024144,3.547758973685618,1,0
AUS,Australia,East Asia & Pacific,High income,55194.75850974282,82.9,3.8,100.0,10.25421429,1.610770929127,46.00168270521715,93.60990143,4.741905705870724,3,2
MNE,Montenegro,Europe & Central Asia,Upper middle income,8749.256297346757,76.6829268292683,3.1,100.0,8.32983208,0.3615637045407673,110.01612386960048,73.4766657478691,3.9420207738101167,2,2
BFA,Burkina Faso,Sub-Saharan Africa,Low income,764.8530777749462,60.184,88.1,17.6,5.35001135,-3.233389339833215,60.408692875322615,9.27180600953186,2.8841454620194504,0,1
SWZ,Eswatini,Sub-Saharan Africa,Lower middle income,3913.1457754733615,59.85,51.5,77.0,8.40033817,2.598016203110773,86.64079484775952,43.93389893,3.5926369961571223,1,1
GNQ,Equatorial Guinea,Sub-Saharan Africa,Upper middle income,6804.149230738878,62.297,80.7,66.6,3.27948833,1.53027528964189,94.87879242535448,49.13370132,3.832837653327128,2,1
ARM,Armenia,Europe & Central Asia,Upper middle income,4597.228873995479,76.2219512195122,12.1,100.0,11.3798008,1.443446607706982,97.84700486532697,66.5439496866159,3.6625905842102267,2,2
BOL,"Bolivia, Plurinational State of",Latin America & Caribbean,Lower middle income,4203.15492855788,67.82,20.6,95.1,6.88792992,1.839545049690259,45.82097327490238,47.4748191121692,3.6236787119656237,1,0
AND,Andorra,Europe & Central Asia,High income,41257.80458615429,84.098,3.0,100.0,7.32238626,1.763735865288415,96.18156500978648,90.71869659,4.615516640768551,3,2
ESP,Spain,Europe & Central Asia,High income,29786.5245689007,83.83170731707318,3.2,100.0,9.21539497,0.6995189944586482,66.36622504406921,90.718665325267,4.474034413562943,3,2
TKM,Turkmenistan,Europe & Central Asia,Upper middle income,4365.115291954196,69.405,43.5,99.9,5.5522337,1.763735865288415,37.65605177561782,82.2598911708476,3.6400951995358377,2,0
BMU,Bermuda,North America,High income,115798.04077557832,81.251,5.85,100.0,13.79654789,1.880739549688066,77.56010165064427,90.6715938437856,5.063704961916472,3,2
ALB,Albania,Europe & Central Asia,Upper middle income,6069.439031310275,79.467,9.4,100.0,6.78144073,1.411090789542422,75.38212893268896,68.5503911218006,3.783220101615688,2,0
CHN,China,East Asia & Pacific,Upper middle income,10342.90095243346,77.94,8.0,100.0,5.26516867,2.899234163582267,35.45443502814074,64.080881297515,4.014684353324625,2,0
ATG,Antigua and Barbuda,Latin America & Caribbean,High income,18896.37218322477,77.168,10.3,100.0,4.27709961,1.431355981829838,137.53778363199118,71.09259796,4.276401416571628,3,0
XKX,Kosovo,Europe & Central Asia,Upper middle income,4415.699274462303,77.249,11.2,100.0,7.10601497,2.675992026398933,85.75340850534823,89.4430319734879,3.6450978298928103,2,0
CZE,Czechia,Europe & Central Asia,High income,24062.719001334302,79.22926829268295,3.0,100.0,7.48754358,2.847875959180411,138.15460999387147,80.8669444139622,4.381362747565037,3,2
SUR,Suriname,Latin America & Caribbean,Upper middle income,6629.667752486033,71.773,18.4,97.9,8.38353634,34.88978430907801,67.10304836644916,62.03350067,3.8215572669593647,2,0
COD,"Congo, Democratic Republic of",Sub-Saharan Africa,Low income,504.00419142286,60.242,92.2,19.1,3.508039,2.867588034468999,60.914352374279225,13.02970028,2.703294982681563,0,1
EST,Estonia,Europe & Central Asia,High income,24021.250141330624,78.64634146341466,2.5,100.0,6.64763546,2.277259312435221,140.35214799854862,90.2289281997919,4.380613684923429,3,2
MAR,Morocco,Middle East & North Africa,Lower middle income,3508.09765625,74.245,19.1,99.6,5.020401,0.3033860365903833,75.99811587984217,84.1203630467602,3.545195454559193,1,0
SEN,Senegal,Sub-Saharan Africa,Lower middle income,1431.1812893215913,67.668,46.2,70.4,4.49531031,1.760111511929386,64.23625060610054,43.37969971,3.1559979956035904,1,1
GUY,Guyana,Latin America & Caribbean,High income,6405.824434445621,69.067,29.6,91.6,4.90331507,2.11238986774464,67.10304836644916,55.31269836,3.8066428232276706,3,0
LSO,Lesotho,Sub-Saharan Africa,Lower middle income,1082.0570677751584,55.249,68.1,44.6,21.92373085,5.187083591979818,140.5166334916798,42.301733569273,3.034651340805262,1,1
BEL,Belgium,Europe & Central Asia,High income,46716.62274679644,81.99512195121952,3.9,100.0,10.85831451,1.436819569964382,165.46547893198988,90.275428012141,4.669480735341162,3,2
ZWE,Zimbabwe,Sub-Saharan Africa,Lower middle income,2184.521553888009,61.06,58.6,46.7,3.23268151,255.3049907578557,36.51786849802875,26.5883007,3.3395550939135084,1,3
MLI,Mali,Sub-Saharan Africa,Low income,971.9493186380917,59.217,91.9,47.9,3.82943797,-1.658266948463649,53.99871327986363,24.96030045,2.9880902182651927,0,1
MUS,Mauritius,Sub-Saharan Africa,Upper middle income,11568.253339982366,74.23585365853658,15.7,100.0,5.69508171,0.4056551903095534,127.94089906413252,61.7299551453346,4.063305331225801,2,0
FRO,Faroe Islands,Europe & Central Asia,High income,63070.72280803611,82.39128292682928,4.05,100.0,7.10601497,1.763735865288415,108.62324595025086,82.2598911708476,4.799834693936156,3,2
LBR,Liberia,Sub-Saharan Africa,Low income,658.1641807705065,61.232,88.7,23.1,8.38325977,26.96627601978781,60.408692875322615,19.89579964,2.8189935996047613,0,1
DZA,Algeria,Middle East & North Africa,Upper middle income,4468.453418836562,75.682,23.3,99.5,5.41732121,1.951768210528918,46.50684260816725,55.79069901,3.650254415369668,2,0
MDG,Madagascar,Sub-Saharan Africa,Low income,499.8188376225341,63.504,65.0,31.0,3.10129309,5.610514414923647,62.6013230457128,9.379400253,2.699680655908557,0,1
KHM,Cambodia,East Asia & Pacific,Lower middle income,2225.877054856862,70.127,22.8,84.0,5.05801058,1.94257500833107,115.73667907244788,52.305878224498,3.3476962404416906,1,0
SAU,Saudi Arabia,Middle East & North Africa,High income,29566.79338274359,78.313,7.2,100.0,5.46743011,-1.192986445333281,56.79382048865131,95.7247355953812,4.470818914737258,3,2
LBN,Lebanon,Middle East & North Africa,Lower middle income,8905.880054974366,78.208,14.5,100.0,8.68533897,3.005389493903827,62.98091601016004,81.48120117,3.9497256039028286,1,2
NIC,Nicaragua,Latin America & Caribbean,Lower middle income,1958.6205152809537,73.764,14.3,85.7,8.50037098,5.376289908441255,94.04221592462127,39.01079941,3.2921719774400775,1,0
KAZ,Kazakhstan,Europe & Central Asia,Upper middle income,9457.126146571356,73.658,10.2,100.0,2.87143755,5.333560989166689,64.85861655175647,81.8776204746284,3.9758051020662237,2,0
ARE,United Arab Emirates,Middle East & North Africa,High income,45938.60845722273,82.596,6.3,100.0,4.40291262,-1.931081147821727,163.82214902561427,99.1499979561243,4.662187289387692,3,2
MCO,Monaco,Europe & Central Asia,High income,193746.7298908854,86.151,3.1,100.0,3.87993813,1.763735865288415,96.18156500978648,98.0,5.287236622653767,3,2
NZL,New Zealand,East Asia & Pacific,High income,42872.26812434269,82.05609756097562,5.2,100.0,8.61898708,1.619631901840475,54.46124640970069,89.86370087,4.632186589978346,3,2
MDA,Moldova,Europe & Central Asia,Upper middle income,4405.334181621547,70.181,15.5,100.0,6.49662447,4.837783514287286,87.63223711489063,73.32610321,3.6440774314735127,2,0
ISR,Israel,Middle East & North Africa,High income,44091.86780225441,82.8048780487805,3.6,100.0,7.20701885,0.8176459402927937,56.52816184478231,86.7878776180583,4.644368346279048,3,2
AZE,Azerbaijan,Europe & Central Asia,Upper middle income,4805.753717659173,73.29,22.7,100.0,4.18188763,2.610571827992152,85.81814540845608,81.0999990651547,3.681851870869716,2,0
VEN,"Venezuela, República Bolivariana de",Latin America & Caribbean,Lower middle income,2523.1152754957848,72.766,24.2,99.8,2.18563724,2.25212191358027,58.12883999852838,49.05009842,3.402109185107956,1,0
ARG,Argentina,Latin America & Caribbean,Upper middle income,9955.974786804276,76.847,10.5,100.0,10.11911297,53.5483043492339,32.630615045849886,79.9469520347551,3.9981274074028836,2,0
PYF,French Polynesia,East Asia & Pacific,High income,21582.58920468011,83.195,20.0,100.0,4.99218798,1.7143709576340114,63.30611240240034,63.6493903087575,4.334123666582907,3,0
STP,São Tomé and Principe,Sub-Saharan Africa,Lower middle income,1935.2931816596,68.043,17.1,75.1,5.48078823,7.720245252132482,67.57479899886553,44.25790024,3.286971116162934,1,0
TUV,Tuvalu,East Asia & Pacific,Upper middle income,5058.85266607659,66.109,22.7,99.7,22.22294044,1.7143709576340114,101.55318493454511,63.6493903087575,3.704137871139896,2,2
IRQ,Iraq,Middle East & North Africa,Upper middle income,5671.856863294203,71.245,25.7,100.0,4.207232,-0.1989653800238823,68.98993842028058,44.3263465511579,3.753801825647246,2,0
ISL,Iceland,Europe & Central Asia,High income,69296.31443616007,83.16341463414635,2.8,100.0,8.63996315,3.013971791560609,83.79236595184435,99.5049411693787,4.840716404191082,3,2
KNA,St. Kitts and Nevis,Latin America & Caribbean,High income,23595.49232312906,71.54,18.2,100.0,5.19201469,-0.3295620636639773,67.10304836644916,69.43499756,4.372847448820543,3,0
SRB,Serbia,Europe & Central Asia,Upper middle income,7755.632986436999,75.93658536585367,5.6,99.8,8.28762531,1.849229845110863,107.57730954609184,77.4167736219802,3.889673242812493,2,2
IDN,Indonesia,East Asia & Pacific,Upper middle income,4106.948561603577,70.349,21.8,98.8,2.87862897,3.030584609416606,37.62777753571081,47.6906489788375,3.613624996864971,2,0
KOR,Korea,East Asia & Pacific,High income,33826.94433015971,83.22682926829269,3.1,100.0,7.69397116,0.3830003036081358,71.4470632403511,96.157579184239,4.529275607211756,3,2
QAT,Qatar,Middle East & North Africa,High income,66841.30134849194,82.945,6.6,100.0,3.18468714,-0.6666411248611472,90.0463755485388,99.6528042086389,4.82505139403023,3,2
SDN,Sudan,Sub-Saharan Africa,Low income,709.975280761719,65.803,56.1,57.6,4.59967566,50.99405150029646,26.11962045526248,21.3579998,2.851854501411334,0,1
JOR,Jordan,Middle East & North Africa,Upper middle income,4557.793347291206,76.865,14.9,99.9,7.07244635,0.7615140472656008,68.99171535074204,70.08470154,3.658849905830996,2,0
MHL,Marshall Islands,East Asia & Pacific,Upper middle income,5292.339855023065,66.047,31.2,96.8,14.98994541,1.7143709576340114,153.00772863890083,49.75749969,3.723729778446752,2,2
GBR,United Kingdom,Europe & Central Asia,High income,43160.684397179866,81.36912195121953,4.4,100.0,9.97954082,1.738104600865128,65.00356641770541,92.5166285497138,4.635098384808982,3,2
VIR,Virgin Islands (US),Latin America & Caribbean,High income,38633.52989153362,79.66829268292683,15.0,100.0,6.88792992,2.25212191358027,155.4234409123999,66.48885468623226,4.586975632078524,3,2
GAB,Gabon,Sub-Saharan Africa,Upper middle income,7441.178647228097,67.337,38.5,90.3,2.76837039,2.464567561511867,73.4280894486644,59.51760101,3.8717000909171944,2,0
USA,United States,North America,High income,65227.95659110383,78.78780487804877,6.5,100.0,16.54486084,1.812210075260205,26.25848062454277,89.4302848575712,4.814440431560197,3,2
BHR,Bahrain,Middle East & North Africa,High income,27259.743859932696,80.471,7.8,100.0,3.78430986,1.005820047021369,135.41754339821145,99.7015043807778,4.4355377021903815,3,2
BRN,Brunei Darussalam,East Asia & Pacific,High income,30426.573065652785,75.049,10.5,100.0,2.23100758,-0.390522069165529,108.50965835795864,95.0,4.483267313967499,3,2
YEM,"Yemen, Republic of",Middle East & North Africa,Low income,633.8872024515454,66.567,46.1,72.8,10.97374439,1.3360156814765554,56.07782272150765,17.49099922,2.802696573001756,0,1
ROU,Romania,Europe & Central Asia,High income,12909.610401324388,75.60731707317073,6.8,100.0,5.69924641,3.827854325994376,84.90636305847933,73.6574757545465,4.110946775779986,3,0
TJK,Tajikistan,Europe & Central Asia,Lower middle income,871.0223729348457,70.962,30.4,99.4,6.9476676,1.763735865288415,56.04501591458959,22.68630028,2.94052762749851,1,0
FJI,Fiji,East Asia & Pacific,Upper middle income,5842.073445775965,67.009,25.7,96.1,4.28229284,1.793886475145553,110.69619211750135,63.21789932,3.7666413453030367,2,0
DEU,Germany,Europe & Central Asia,High income,47656.19973974703,81.29268292682927,3.7,100.0,11.42805386,1.445659768882534,79.0732427175683,88.1345169091916,4.678128520316266,3,2
MOZ,Mozambique,Sub-Saharan Africa,Low income,519.0925509136196,61.306,68.6,29.7,7.90207434,2.802703079281112,105.5911714019212,12.47929955,2.716080633585873,0,1
WSM,Samoa,East Asia & Pacific,Upper middle income,4351.942349437056,70.269,20.0,99.2,5.64761591,0.982326569888117,83.33107958164567,63.6493903087575,3.638782915379966,2,0
BTN,Bhutan,South Asia,Lower middle income,3576.8798710050314,72.005,22.7,100.0,3.37511158,2.726430373888325,76.12351670415055,74.17939758,3.553625754835194,1,0
SLV,El Salvador,Latin America & Caribbean,Upper middle income,4320.116715346275,71.725,12.2,97.4,8.80846119,0.0753241350024612,76.04201309914683,50.4911940673888,3.635595996962994,2,0
SXM,Sint Maarten (Dutch part),Latin America & Caribbean,High income,34861.46952896804,75.68,15.0,100.0,6.88792992,2.25212191358027,67.10304836644916,66.48885468623226,4.542358147685528,3,0
TZA,Tanzania,Sub-Saharan Africa,Lower middle income,1063.32250976563,66.007,45.6,37.7,4.02347755,3.464280579990205,33.01858925023111,16.59090042,3.0270732473090125,1,1
PLW,Palau,East Asia & Pacific,High income,15841.89234745477,68.982,23.0,100.0,12.17405796,0.2673796791444399,115.497705299446,82.56749725,4.199834471184665,3,2
DOM,Dominican Republic,Latin America & Caribbean,Upper middle income,8183.016236003749,73.112,34.4,99.0,4.36808872,1.810603770429594,50.91298220069697,79.71549988,3.912966482287662,2,0
GTM,Guatemala,Latin America & Caribbean,Upper middle income,4511.998395526965,71.639,24.3,95.4,6.17443275,3.699983980086048,45.51673418495791,44.401049838502,3.654465179118659,2,0
BHS,"Bahamas, The",Latin America & Caribbean,High income,33640.336986127826,71.408,24.3,100.0,5.70484161,2.491235273680459,68.78662348422083,90.69329834,4.526873247356535,3,0
LCA,St. Lucia,Latin America & Caribbean,Upper middle income,11764.394403240294,72.249,18.2,100.0,4.290905,0.5390875591917574,67.10304836644916,61.08050156,4.070606490311862,2,0
CMR,Cameroon,Sub-Saharan Africa,Lower middle income,1555.2266047647745,61.695,76.6,63.2,3.65157914,2.452802140627324,43.37851324804155,36.53919983,3.1920728356057984,1,1
HRV,Croatia,Europe & Central Asia,High income,15563.735499662467,78.22439024390245,4.7,100.0,6.78699923,0.7718203464981119,101.39511164535752,79.0797836757554,4.192141744869926,3,2
MDV,Maldives,South Asia,Upper middle income,11740.272402978468,79.707,7.4,100.0,7.50238085,0.2200297310653834,137.1252308751849,77.46970367,4.069715164002626,2,2
RUS,Russian Federation,Europe & Central Asia,High income,11447.701171875,73.0839024390244,6.0,99.8,5.64849091,4.472026318379035,49.22875366190334,82.6421618670668,4.058756219786575,3,0
RWA,Rwanda,Sub-Saharan Africa,Low income,823.3553040653044,66.691,42.7,46.6,4.91471481,3.347876550376479,48.892715033759,21.3579998,2.9161144366200054,0,1
SVN,Slovenia,Europe & Central Asia,High income,25814.168716757213,81.52926829268293,2.4,100.0,8.56564522,1.630522607543353,160.04427568524875,83.1083578026717,4.411874967753074,3,2
VGB,British Virgin Islands,Latin America & Caribbean,High income,9955.974786804276,76.845,14.2,100.0,6.88792992,2.25212191358027,67.10304836644916,66.48885468623226,3.9981274074028836,3,0
THA,Thailand,East Asia & Pacific,Upper middle income,7605.696577977591,77.197,10.4,99.9,3.78911877,0.7055248019103167,109.68951471516606,66.6524194587528,3.8811960931134197,2,0
SWE,Sweden,Europe & Central Asia,High income,51648.98928205141,83.10975609756099,2.6,100.0,10.93444347,1.784150974038347,92.75113902905612,94.4934434072202,4.713070235734702,3,2
NCL,New Caledonia,East Asia & Pacific,High income,33411.33588356718,77.262,20.0,100.0,4.99218798,1.7143709576340114,58.21036709900989,63.6493903087575,4.523906838579821,3,0
LKA,Sri Lanka,South Asia,Upper middle income,4081.9477217813424,76.698,7.2,99.8,3.70119572,3.528393582318115,49.42552388527675,32.02090073,3.610973819235454,2,0
PRY,Paraguay,Latin America & Caribbean,Upper middle income,5821.181995486371,73.668,19.2,99.7,7.16081905,2.757097275627747,71.22216173424327,68.5176284222264,3.76508577691868,2,0
ZMB,Zambia,Sub-Saharan Africa,Lower middle income,1258.9861984446204,62.914,53.5,43.0,6.75330257,9.150316443162955,68.791204936096,14.47189999,3.1003657879967923,1,1
MNG,Mongolia,East Asia & Pacific,Upper middle income,4347.54610314873,71.05317073170733,15.6,98.9,4.49497986,7.301069535507288,124.39651462116488,51.079994082603,3.638344078811496,2,0
GRL,Greenland,Europe & Central Asia,High income,53309.20359050652,71.40926829268294,4.05,100.0,7.10601497,1.763735865288415,92.19075156074916,82.2598911708476,4.726810341089299,3,2
DJI,Djibouti,Middle East & North Africa,Lower middle income,2837.169023409324,64.381,57.5,64.7,2.41347837,3.31763203299603,320.9392303641797,58.4762001,3.453038255726156,1,0
ABW,Aruba,Latin America & Caribbean,High income,30654.485123539747,76.019,15.0,100.0,6.88792992,4.25746204335427,137.92324927341127,66.48885468623226,4.486508193234719,3,2
